{
  "4": {
    "x": 13.400641441345215,
    "y": 5.023434638977051
  },
  "5": {
    "x": 7.677535533905029,
    "y": 9.929607391357422
  },
  "6": {
    "x": 27.29718589782715,
    "y": 9.631270408630371
  }
}